<?xml version="1.0" encoding="UTF-8"?>
<BaliMessageLog>
    <Task name="MapVerilogSimFile">
        <Message>
            <ID>35400250</ID>
            <Severity>Info</Severity>
            <Dynamic>0</Dynamic>
        </Message>
    </Task>
    <Task name="MapVHDLSimFile">
        <Message>
            <ID>35400250</ID>
            <Severity>Info</Severity>
            <Dynamic>0</Dynamic>
        </Message>
    </Task>
    <Task name="Map">
        <Message>
            <ID>1100679</ID>
            <Severity>Warning</Severity>
            <Dynamic>H:/temp/PiStormCSI.lpf(26): Semantic error in &quot;LOCATE COMP &quot;ami7m&quot; SITE &quot;K4&quot; ;&quot;: </Dynamic>
            <Dynamic>ami7m</Dynamic>
            <Navigation>H:/temp/PiStormCSI.lpf</Navigation>
            <Navigation>26</Navigation>
        </Message>
        <Message>
            <ID>1166064</ID>
            <Severity>Warning</Severity>
            <Dynamic>input</Dynamic>
            <Dynamic>amipixels</Dynamic>
        </Message>
        <Message>
            <ID>51001030</ID>
            <Severity>Warning</Severity>
            <Dynamic>cmos_2_dphy_ip_inst/core_rstn</Dynamic>
        </Message>
        <Message>
            <ID>51001046</ID>
            <Severity>Warning</Severity>
            <Dynamic>amipixels</Dynamic>
        </Message>
    </Task>
    <Task name="Lattice_Synthesis">
        <Message>
            <ID>35002000</ID>
            <Severity>Info</Severity>
        </Message>
        <Message>
            <ID>35001781</ID>
            <Severity>Info</Severity>
        </Message>
        <Message>
            <ID>35901362</ID>
            <Severity>Warning</Severity>
            <Dynamic>h:/temp/cmos2csi/cmos2csi/mipi/mipi.v(141): </Dynamic>
            <Dynamic>pix</Dynamic>
            <Navigation>h:/temp/cmos2csi/cmos2csi/mipi/mipi.v</Navigation>
            <Navigation>141</Navigation>
        </Message>
        <Message>
            <ID>35901018</ID>
            <Severity>Info</Severity>
            <Dynamic>h:/temp/cmos2csi/cmos2csi/mipi/mipi.v(8): </Dynamic>
            <Dynamic>mipib</Dynamic>
            <Navigation>h:/temp/cmos2csi/cmos2csi/mipi/mipi.v</Navigation>
            <Navigation>8</Navigation>
        </Message>
        <Message>
            <ID>35901018</ID>
            <Severity>Info</Severity>
            <Dynamic>h:/temp/cmos2csi/cmos2csi/mipi/cmos2dphy_eval/models/lifmd/pll_wrapper.v(8): </Dynamic>
            <Dynamic>pll_wrapper</Dynamic>
            <Navigation>h:/temp/cmos2csi/cmos2csi/mipi/cmos2dphy_eval/models/lifmd/pll_wrapper.v</Navigation>
            <Navigation>8</Navigation>
        </Message>
        <Message>
            <ID>35901018</ID>
            <Severity>Info</Severity>
            <Dynamic>H:/Electronic/ProgramFiles/Lattice/diamond/3.12/ispfpga/userware/NT/SYNTHESIS_HEADERS/lifmd.v(741): </Dynamic>
            <Dynamic>VHI</Dynamic>
            <Navigation>H:/Electronic/ProgramFiles/Lattice/diamond/3.12/ispfpga/userware/NT/SYNTHESIS_HEADERS/lifmd.v</Navigation>
            <Navigation>741</Navigation>
        </Message>
        <Message>
            <ID>35901018</ID>
            <Severity>Info</Severity>
            <Dynamic>H:/Electronic/ProgramFiles/Lattice/diamond/3.12/ispfpga/userware/NT/SYNTHESIS_HEADERS/lifmd.v(745): </Dynamic>
            <Dynamic>VLO</Dynamic>
            <Navigation>H:/Electronic/ProgramFiles/Lattice/diamond/3.12/ispfpga/userware/NT/SYNTHESIS_HEADERS/lifmd.v</Navigation>
            <Navigation>745</Navigation>
        </Message>
        <Message>
            <ID>35901018</ID>
            <Severity>Info</Severity>
            <Dynamic>H:/Electronic/ProgramFiles/Lattice/diamond/3.12/ispfpga/userware/NT/SYNTHESIS_HEADERS/lifmd.v(984): </Dynamic>
            <Dynamic>EHXPLLM(CLKFB_DIV=8,CLKOP_DIV=8,CLKOS_DIV=64,CLKOS_ENABLE=&quot;ENABLED&quot;,CLKOP_CPHASE=7,CLKOP_TRIM_POL=&quot;FALLING&quot;,CLKOS_TRIM_POL=&quot;FALLING&quot;)</Dynamic>
            <Navigation>H:/Electronic/ProgramFiles/Lattice/diamond/3.12/ispfpga/userware/NT/SYNTHESIS_HEADERS/lifmd.v</Navigation>
            <Navigation>984</Navigation>
        </Message>
        <Message>
            <ID>35901018</ID>
            <Severity>Info</Severity>
            <Dynamic>h:/temp/sync2csi.v(4): </Dynamic>
            <Dynamic>sync2csi</Dynamic>
            <Navigation>h:/temp/sync2csi.v</Navigation>
            <Navigation>4</Navigation>
        </Message>
        <Message>
            <ID>35901018</ID>
            <Severity>Info</Severity>
            <Dynamic>h:/temp/cmos2csi/cmos2csi/mipi/mipi_cmos_2_dphy_ip.v(9): </Dynamic>
            <Dynamic>mipi_cmos_2_dphy_ip(VC=0,WC=2160,CN=5'b11000,CM=8'b11010000,CO=2'b10,TX_FREQ_TGT=42)</Dynamic>
            <Navigation>h:/temp/cmos2csi/cmos2csi/mipi/mipi_cmos_2_dphy_ip.v</Navigation>
            <Navigation>9</Navigation>
        </Message>
        <Message>
            <ID>35901209</ID>
            <Severity>Warning</Severity>
            <Dynamic>h:/temp/cmos2csi/cmos2csi/mipi/mipi_cmos_2_dphy_ip.v(186): </Dynamic>
            <Dynamic>32</Dynamic>
            <Dynamic>2</Dynamic>
            <Navigation>h:/temp/cmos2csi/cmos2csi/mipi/mipi_cmos_2_dphy_ip.v</Navigation>
            <Navigation>186</Navigation>
        </Message>
        <Message>
            <ID>35901018</ID>
            <Severity>Info</Severity>
            <Dynamic>h:/temp/cmos2csi/cmos2csi/mipi/mipi_synchronizer.v(8): </Dynamic>
            <Dynamic>mipi_synchronizer</Dynamic>
            <Navigation>h:/temp/cmos2csi/cmos2csi/mipi/mipi_synchronizer.v</Navigation>
            <Navigation>8</Navigation>
        </Message>
        <Message>
            <ID>35901018</ID>
            <Severity>Info</Severity>
            <Dynamic>h:/temp/cmos2csi/cmos2csi/mipi/mipi_pixel2byte_bb.v(8): </Dynamic>
            <Dynamic>mipi_pixel2byte</Dynamic>
            <Navigation>h:/temp/cmos2csi/cmos2csi/mipi/mipi_pixel2byte_bb.v</Navigation>
            <Navigation>8</Navigation>
        </Message>
        <Message>
            <ID>35901018</ID>
            <Severity>Info</Severity>
            <Dynamic>h:/temp/cmos2csi/cmos2csi/mipi/mipi_pkt_formatter_bb.v(8): </Dynamic>
            <Dynamic>mipi_pkt_formatter</Dynamic>
            <Navigation>h:/temp/cmos2csi/cmos2csi/mipi/mipi_pkt_formatter_bb.v</Navigation>
            <Navigation>8</Navigation>
        </Message>
        <Message>
            <ID>35901330</ID>
            <Severity>Warning</Severity>
            <Dynamic>h:/temp/cmos2csi/cmos2csi/mipi/mipi_cmos_2_dphy_ip.v(272): </Dynamic>
            <Dynamic>32</Dynamic>
            <Dynamic>2</Dynamic>
            <Dynamic>vc_i</Dynamic>
            <Navigation>h:/temp/cmos2csi/cmos2csi/mipi/mipi_cmos_2_dphy_ip.v</Navigation>
            <Navigation>272</Navigation>
        </Message>
        <Message>
            <ID>35901330</ID>
            <Severity>Warning</Severity>
            <Dynamic>h:/temp/cmos2csi/cmos2csi/mipi/mipi_cmos_2_dphy_ip.v(274): </Dynamic>
            <Dynamic>32</Dynamic>
            <Dynamic>16</Dynamic>
            <Dynamic>wc_i</Dynamic>
            <Navigation>h:/temp/cmos2csi/cmos2csi/mipi/mipi_cmos_2_dphy_ip.v</Navigation>
            <Navigation>274</Navigation>
        </Message>
        <Message>
            <ID>35901018</ID>
            <Severity>Info</Severity>
            <Dynamic>h:/temp/cmos2csi/cmos2csi/mipi/mipi_tx_global_operation_bb.v(8): </Dynamic>
            <Dynamic>mipi_tx_global_operation</Dynamic>
            <Navigation>h:/temp/cmos2csi/cmos2csi/mipi/mipi_tx_global_operation_bb.v</Navigation>
            <Navigation>8</Navigation>
        </Message>
        <Message>
            <ID>35901018</ID>
            <Severity>Info</Severity>
            <Dynamic>h:/temp/cmos2csi/cmos2csi/mipi/mipi_dci_wrapper_bb.v(8): </Dynamic>
            <Dynamic>mipi_dci_wrapper</Dynamic>
            <Navigation>h:/temp/cmos2csi/cmos2csi/mipi/mipi_dci_wrapper_bb.v</Navigation>
            <Navigation>8</Navigation>
        </Message>
        <Message>
            <ID>35901018</ID>
            <Severity>Info</Severity>
            <Dynamic>h:/temp/cmos2csi/cmos2csi/mipi/mipi_sig_delay_bb.v(8): </Dynamic>
            <Dynamic>mipi_sig_delay</Dynamic>
            <Navigation>h:/temp/cmos2csi/cmos2csi/mipi/mipi_sig_delay_bb.v</Navigation>
            <Navigation>8</Navigation>
        </Message>
        <Message>
            <ID>35901018</ID>
            <Severity>Info</Severity>
            <Dynamic>h:/temp/cmos2csi/cmos2csi/mipi/mipi_tinit_count_bb.v(8): </Dynamic>
            <Dynamic>mipi_tinit_count</Dynamic>
            <Navigation>h:/temp/cmos2csi/cmos2csi/mipi/mipi_tinit_count_bb.v</Navigation>
            <Navigation>8</Navigation>
        </Message>
        <Message>
            <ID>35931013</ID>
            <Severity>Warning</Severity>
            <Dynamic>h:/temp/cmos2csi/cmos2csi/mipi/mipi_cmos_2_dphy_ip.v(390): </Dynamic>
            <Dynamic>lp_direction_i</Dynamic>
            <Navigation>h:/temp/cmos2csi/cmos2csi/mipi/mipi_cmos_2_dphy_ip.v</Navigation>
            <Navigation>390</Navigation>
        </Message>
        <Message>
            <ID>35001716</ID>
            <Severity>Warning</Severity>
            <Dynamic>OFE1P3BX</Dynamic>
        </Message>
        <Message>
            <ID>35001716</ID>
            <Severity>Warning</Severity>
            <Dynamic>OFE1P3DX</Dynamic>
        </Message>
        <Message>
            <ID>35001716</ID>
            <Severity>Warning</Severity>
            <Dynamic>OFE1P3IX</Dynamic>
        </Message>
        <Message>
            <ID>35001716</ID>
            <Severity>Warning</Severity>
            <Dynamic>OFE1P3JX</Dynamic>
        </Message>
        <Message>
            <ID>35001716</ID>
            <Severity>Warning</Severity>
            <Dynamic>ROM16X1</Dynamic>
        </Message>
        <Message>
            <ID>35001716</ID>
            <Severity>Warning</Severity>
            <Dynamic>ROM32X1</Dynamic>
        </Message>
        <Message>
            <ID>35001716</ID>
            <Severity>Warning</Severity>
            <Dynamic>ROM64X1</Dynamic>
        </Message>
        <Message>
            <ID>35001716</ID>
            <Severity>Warning</Severity>
            <Dynamic>ROM128X1</Dynamic>
        </Message>
        <Message>
            <ID>35001716</ID>
            <Severity>Warning</Severity>
            <Dynamic>ROM256X1</Dynamic>
        </Message>
        <Message>
            <ID>35002005</ID>
            <Severity>Warning</Severity>
            <Dynamic>amipixels</Dynamic>
        </Message>
        <Message>
            <ID>35001537</ID>
            <Severity>Warning</Severity>
            <Dynamic>mipi_dci_wrapper</Dynamic>
            <Dynamic>clk_p_o</Dynamic>
        </Message>
        <Message>
            <ID>35001537</ID>
            <Severity>Warning</Severity>
            <Dynamic>mipi_dci_wrapper</Dynamic>
            <Dynamic>clk_n_o</Dynamic>
        </Message>
        <Message>
            <ID>35001537</ID>
            <Severity>Warning</Severity>
            <Dynamic>mipi_dci_wrapper</Dynamic>
            <Dynamic>d0_p_io</Dynamic>
        </Message>
        <Message>
            <ID>35001537</ID>
            <Severity>Warning</Severity>
            <Dynamic>mipi_dci_wrapper</Dynamic>
            <Dynamic>d0_n_io</Dynamic>
        </Message>
        <Message>
            <ID>35002005</ID>
            <Severity>Warning</Severity>
            <Dynamic>amipixels</Dynamic>
        </Message>
        <Message>
            <ID>35001263</ID>
            <Severity>Warning</Severity>
            <Dynamic>d0_p_io</Dynamic>
        </Message>
        <Message>
            <ID>35001263</ID>
            <Severity>Warning</Severity>
            <Dynamic>d0_n_io</Dynamic>
        </Message>
        <Message>
            <ID>35001263</ID>
            <Severity>Warning</Severity>
            <Dynamic>clk_p_o</Dynamic>
        </Message>
        <Message>
            <ID>35001263</ID>
            <Severity>Warning</Severity>
            <Dynamic>clk_n_o</Dynamic>
        </Message>
        <Message>
            <ID>35001611</ID>
            <Severity>Warning</Severity>
        </Message>
        <Message>
            <ID>1166052</ID>
            <Severity>Warning</Severity>
            <Dynamic>logical</Dynamic>
            <Dynamic>amipixels</Dynamic>
            <Navigation>amipixels</Navigation>
        </Message>
        <Message>
            <ID>1166064</ID>
            <Severity>Warning</Severity>
            <Dynamic>input</Dynamic>
            <Dynamic>amipixels</Dynamic>
        </Message>
        <Message>
            <ID>1166052</ID>
            <Severity>Warning</Severity>
            <Dynamic>logical</Dynamic>
            <Dynamic>cmos_2_dphy_ip_inst/lv_end_w</Dynamic>
            <Navigation>cmos_2_dphy_ip_inst/lv_end_w</Navigation>
        </Message>
        <Message>
            <ID>1166052</ID>
            <Severity>Warning</Severity>
            <Dynamic>logical</Dynamic>
            <Dynamic>cmos_2_dphy_ip_inst/tx_global_operation_inst/c2d_ready_o</Dynamic>
            <Navigation>cmos_2_dphy_ip_inst/tx_global_operation_inst/c2d_ready_o</Navigation>
        </Message>
        <Message>
            <ID>1166052</ID>
            <Severity>Warning</Severity>
            <Dynamic>logical</Dynamic>
            <Dynamic>cmos_2_dphy_ip_inst/tx_global_operation_inst/GND_net</Dynamic>
            <Navigation>cmos_2_dphy_ip_inst/tx_global_operation_inst/GND_net</Navigation>
        </Message>
        <Message>
            <ID>1163101</ID>
            <Severity>Warning</Severity>
            <Dynamic>5</Dynamic>
        </Message>
    </Task>
    <Task name="TimingSimFileVHD">
        <Message>
            <ID>35400250</ID>
            <Severity>Info</Severity>
            <Dynamic>0</Dynamic>
        </Message>
    </Task>
    <Task name="Jedecgen">
        <Message>
            <ID>1081201</ID>
            <Severity>Warning</Severity>
        </Message>
    </Task>
</BaliMessageLog>